Sector,20MA,50MA,200MA,RSI>50,WeeklyReturn,StocksOK,StocksTotal,EdgeScore,Rank,RelativeEdge,Status,DataWarning
Pharma Index,50.0,50.0,60.0,50.0,20.0,19,20,46.5,1,17.65,Moderate,WARNING
Media Index,30.0,30.0,60.0,40.0,50.0,10,10,43.5,2,14.65,Moderate,OK
Realty Index,30.0,10.0,60.0,60.0,40.0,10,10,41.5,3,12.65,Moderate,OK
Pvt Bank Index,40.0,30.0,40.0,30.0,60.0,10,10,40.0,4,11.15,Moderate,OK
Metal Index,33.33,26.67,46.67,53.33,13.33,15,15,35.33,5,6.48,Weak,OK
Energy Index,30.0,20.0,35.0,42.5,42.5,40,40,34.25,6,5.4,Weak,OK
Oil & Gas Index,26.67,33.33,40.0,40.0,26.67,15,15,34.0,7,5.15,Weak,OK
Healthcare Index,35.0,35.0,45.0,35.0,15.0,20,20,33.5,8,4.65,Weak,OK
IT Index,30.0,20.0,40.0,20.0,50.0,10,10,32.5,9,3.65,Weak,OK
Infrastructure Index,30.0,20.0,30.0,40.0,33.33,30,30,30.67,10,1.82,Weak,OK
Consumption Index,30.0,16.67,33.33,33.33,36.67,30,30,30.17,11,1.32,Weak,OK
MNC Index,26.67,13.33,36.67,33.33,33.33,30,30,29.17,12,0.32,Weak,OK
Bank Index,21.43,14.29,28.57,14.29,57.14,14,14,27.5,13,-1.35,Weak,OK
Service Sector Index,33.33,16.67,23.33,30.0,36.67,30,30,27.5,14,-1.35,Weak,OK
Consumer Durables Index,20.0,20.0,33.33,26.67,33.33,15,15,27.33,15,-1.52,Weak,OK
FMCG index,40.0,13.33,6.67,33.33,46.67,15,15,26.33,16,-2.52,Weak,OK
Financial Services Index,35.0,20.0,5.0,35.0,35.0,20,20,24.5,17,-4.35,Weak,OK
Commodities Index,10.0,6.67,20.0,33.33,23.33,30,30,19.17,18,-9.68,No Edge,OK
PSE Index,15.0,5.0,15.0,35.0,20.0,20,20,18.0,19,-10.85,No Edge,OK
Auto Index,6.67,6.67,40.0,13.33,13.33,15,15,17.67,20,-11.18,No Edge,OK
PSU Bank Index,0.0,0.0,8.33,8.33,50.0,12,12,13.75,21,-15.1,No Edge,OK
CPSE Index,0.0,0.0,0.0,9.09,0.0,11,11,1.82,22,-27.03,No Edge,OK
