sector,stock,last_date,last_close,ma20_value,above_20ma,ma50_value,above_50ma,ma200_value,above_200ma,rsi_value,rsi_above_50,prev_close_5d,weekly_return_pct,weekly_return_positive
Auto Index,ASHOKLEY,2026-10-09,145.06,156.266,0,166.2718,0,169.5396,0,23.4615,0,150.48,-3.6018,0
Auto Index,BAJAJ-AUTO,2026-10-09,9778.0,10909.15,0,11430.95,0,10151.5801,0,15.2801,0,10045.0,-2.658,0
Auto Index,BHARATFORG,2026-10-09,1816.9,1919.695,0,2017.032,0,1857.1708,0,32.0208,0,1875.0,-3.0987,0
Auto Index,BOSCHLTD,2026-10-09,43545.0,46635.0,0,46472.9954,0,39039.4763,1,33.8476,0,45480.0,-4.2546,0
Auto Index,EICHERMOT,2026-10-09,7050.0,7280.475,0,7678.79,0,7346.6101,0,33.6146,0,6920.0,1.8786,1
Auto Index,EXIDEIND,2026-10-09,394.4,414.8525,0,438.231,0,376.0272,1,12.2151,0,409.45,-3.6757,0
Auto Index,HEROMOTOCO,2026-10-09,4895.5,5214.125,0,5433.85,0,5246.3372,0,31.0863,0,5168.0,-5.2728,0
Auto Index,M&M,2026-10-09,2796.2,2971.205,0,3201.454,0,3238.2939,0,22.28,0,2860.0,-2.2308,0
Auto Index,MARUTI,2026-10-09,11420.0,11947.45,0,12918.3346,0,13745.4968,0,33.9596,0,11386.0,0.2986,0
Auto Index,MOTHERSON,2026-10-09,153.0,160.44,0,162.4834,0,136.6112,1,37.5163,0,157.03,-2.5664,0
Auto Index,SONACOMS,2026-10-09,783.3,803.79,0,802.872,0,619.0442,1,44.028,0,805.0,-2.6957,0
Auto Index,TIINDIA,2026-10-09,2213.0,2478.12,0,2665.5703,0,2730.1267,0,22.4202,0,2340.0,-5.4274,0
Auto Index,TMPV,2026-10-09,279.9,292.405,0,312.9,0,341.279,0,30.7878,0,279.4,0.179,0
Auto Index,TVSMOTOR,2026-10-09,3866.8,4061.905,0,4220.182,0,3764.6828,1,21.894,0,4021.0,-3.8349,0
Auto Index,UNOMINDA,2026-10-09,1108.0,1175.745,0,1221.35,0,1161.6155,0,18.4135,0,1111.0,-0.27,0
Bank Index,AUBANK,2026-10-09,982.0,1021.18,0,1054.93,0,1005.0279,0,36.0219,0,987.0,-0.5066,0
Bank Index,AXISBANK,2026-10-09,1259.1,1233.98,1,1242.328,1,1283.5043,0,50.5306,1,1217.1,3.4508,1
Bank Index,BANKBARODA,2026-10-09,235.8,233.576,1,239.5228,0,263.8597,0,51.6956,1,230.82,2.1575,1
Bank Index,CANBK,2026-10-09,119.59,121.7855,0,125.6146,0,133.0803,0,38.2369,0,118.36,1.0392,1
Bank Index,FEDERALBNK,2026-10-09,330.0,329.2625,1,343.257,0,304.6053,1,47.7912,0,318.2,3.7084,1
Bank Index,HDFCBANK,2026-10-09,707.25,717.705,0,721.451,0,800.9553,0,40.8478,0,721.2,-1.9343,0
Bank Index,ICICIBANK,2026-10-09,1355.0,1340.41,1,1391.9203,0,1345.0979,1,54.9783,1,1310.6,3.3878,1
Bank Index,IDFCFIRSTB,2026-10-09,79.52,83.244,0,84.5342,0,77.4729,1,34.9624,0,80.39,-1.0822,0
Bank Index,INDUSINDBK,2026-10-09,861.65,923.51,0,975.916,0,923.1287,0,23.7126,0,886.85,-2.8415,0
Bank Index,KOTAKBANK,2026-10-09,441.0,417.2925,1,409.471,1,399.4647,1,70.0987,1,418.35,5.4141,1
Bank Index,PNB,2026-10-09,116.98,115.1985,1,115.4438,1,112.4142,1,49.3598,0,109.57,6.7628,1
Bank Index,SBIN,2026-10-09,959.1,974.9225,0,1018.089,0,1031.5767,0,33.6131,0,954.1,0.5241,0
Bank Index,UNIONBANK,2026-10-09,173.06,174.568,0,179.9042,0,171.365,1,45.1764,0,167.59,3.2639,1
Bank Index,YESBANK,2026-10-09,20.5,21.995,0,22.3732,0,21.8278,0,25.7642,0,20.75,-1.2048,0
CPSE Index,BEL,2026-10-09,368.15,388.77,0,398.5766,0,416.6231,0,26.9477,0,383.1,-3.9024,0
CPSE Index,COALINDIA,2026-10-09,411.55,420.41,0,411.9343,0,423.2914,0,51.2268,1,420.4,-2.1051,0
CPSE Index,COCHINSHIP,2026-10-09,1230.0,1335.1033,0,1427.4238,0,1479.5414,0,22.9382,0,1287.0,-4.4289,0
CPSE Index,NBCC,2026-10-09,74.46,80.014,0,85.7456,0,94.6891,0,28.2585,0,77.4,-3.7985,0
CPSE Index,NHPC,2026-10-09,72.99,74.588,0,75.953,0,77.1806,0,32.3843,0,71.75,1.7282,1
CPSE Index,NLCINDIA,2026-10-09,243.55,258.8583,0,271.3019,0,283.1443,0,23.6297,0,253.2,-3.8112,0
CPSE Index,NTPC,2026-10-09,312.0,323.785,0,330.4792,0,353.5637,0,36.7463,0,315.1,-0.9838,0
CPSE Index,OIL,2026-10-09,443.5,467.23,0,469.8968,0,459.1778,0,30.1234,0,444.0,-0.1126,0
CPSE Index,ONGC,2026-10-09,221.27,230.5745,0,234.0587,0,253.9921,0,31.9449,0,222.37,-0.4947,0
CPSE Index,POWERGRID,2026-10-09,249.15,261.905,0,266.5558,0,281.9999,0,28.9133,0,254.55,-2.1214,0
CPSE Index,SJVN,2026-10-09,55.27,61.142,0,64.2983,0,70.6686,0,11.319,0,57.91,-4.5588,0
Commodities Index,ADANIENSOL,2026-10-09,1262.0,1344.665,0,1467.784,0,1291.0455,0,23.3057,0,1326.4,-4.8552,0
Commodities Index,ADANIGREEN,2026-10-09,1255.8,1283.925,0,1308.882,0,1203.339,1,39.3447,0,1276.1,-1.5908,0
Commodities Index,ADANIPOWER,2026-10-09,189.0,201.543,0,205.194,0,188.4737,1,34.0174,0,196.21,-3.6746,0
Commodities Index,AMBUJACEM,2026-10-09,351.5,375.695,0,400.467,0,450.7656,0,31.4889,0,362.25,-2.9676,0
Commodities Index,APLAPOLLO,2026-10-09,2114.1001,2160.455,0,2114.7758,0,1987.1083,1,34.375,0,2115.7,-0.0756,0
Commodities Index,BPCL,2026-10-09,287.8,303.0725,0,311.318,0,321.3734,0,25.2363,0,300.6,-4.2582,0
Commodities Index,COALINDIA,2026-10-09,411.55,420.41,0,411.9343,0,423.2914,0,51.2268,1,420.4,-2.1051,0
Commodities Index,GRASIM,2026-10-09,2890.0,3103.21,0,3204.7329,0,2970.8681,0,22.2531,0,2962.0,-2.4308,0
Commodities Index,HINDALCO,2026-10-09,900.35,959.295,0,1001.007,0,977.0069,0,25.0217,0,941.85,-4.4062,0
Commodities Index,HINDPETRO,2026-10-09,326.0,348.27,0,359.7232,0,378.8714,0,27.551,0,345.0,-5.5072,0
Commodities Index,IOC,2026-10-09,126.35,133.4085,0,136.4533,0,146.1267,0,27.3308,0,131.34,-3.7993,0
Commodities Index,JINDALSTEL,2026-10-09,1016.7,1112.44,0,1122.8626,0,1135.2894,0,29.5708,0,1100.5,-7.6147,0
Commodities Index,JSWENERGY,2026-10-09,462.3,502.715,0,529.945,0,522.6371,0,19.316,0,485.0,-4.6804,0
Commodities Index,JSWSTEEL,2026-10-09,1168.0,1252.535,0,1281.51,0,1233.8268,0,28.1833,0,1233.0,-5.2717,0
Commodities Index,NHPC,2026-10-09,72.99,74.588,0,75.953,0,77.1806,0,32.3843,0,71.75,1.7282,1
Commodities Index,NMDC,2026-10-09,71.8,77.1743,0,81.3486,0,82.2633,0,29.8582,0,73.64,-2.4986,0
Commodities Index,NTPC,2026-10-09,312.0,323.785,0,330.4792,0,353.5637,0,36.7463,0,315.1,-0.9838,0
Commodities Index,OIL,2026-10-09,443.5,467.23,0,469.8968,0,459.1778,0,30.1234,0,444.0,-0.1126,0
Commodities Index,ONGC,2026-10-09,221.27,230.5745,0,234.0587,0,253.9921,0,31.9449,0,222.37,-0.4947,0
Commodities Index,PIDILITIND,2026-10-09,1482.0,1521.475,0,1598.606,0,1492.2406,0,34.3631,0,1464.0,1.2295,1
Commodities Index,PIIND,2026-10-09,2118.2,2290.105,0,2445.8525,0,2827.7677,0,28.9963,0,2236.0,-5.2683,0
Commodities Index,RELIANCE,2026-10-09,1170.3,1217.64,0,1271.792,0,1351.6178,0,38.1895,0,1167.7,0.2227,0
Commodities Index,SHREECEM,2026-10-09,22080.0,22185.5,0,23761.8,0,25093.7029,0,43.3842,0,21900.0,0.8219,0
Commodities Index,SRF,2026-10-09,2519.5,2497.59,1,2554.664,0,2678.2235,0,51.0549,1,2486.2,1.3394,1
Commodities Index,TATAPOWER,2026-10-09,342.15,359.455,0,367.112,0,383.6874,0,23.1276,0,350.15,-2.2847,0
Commodities Index,TATASTEEL,2026-10-09,173.8,182.9635,0,185.2206,0,191.7384,0,33.2477,0,178.0,-2.3595,0
Commodities Index,TORNTPOWER,2026-10-09,1188.6,1252.34,0,1277.438,0,1399.3553,0,30.4566,0,1242.9,-4.3688,0
Commodities Index,ULTRACEMCO,2026-10-09,10675.0,10874.95,0,11332.18,0,11507.8286,0,41.7357,0,10710.0,-0.3268,0
Commodities Index,UPL,2026-10-09,488.45,539.38,0,561.762,0,632.9105,0,13.336,0,516.8,-5.4857,0
Commodities Index,VEDL,2026-10-09,264.0,261.4175,1,268.58,0,456.1893,0,47.6159,0,252.05,4.7411,1
Consumer Durables Index,AMBER,2026-10-09,6445.0,6890.375,0,7178.11,0,7232.2025,0,32.5552,0,6500.0,-0.8462,0
Consumer Durables Index,BATAINDIA,2026-10-09,613.25,627.4,0,664.9514,0,710.4667,0,34.1355,0,613.0,0.0408,0
Consumer Durables Index,BLUESTARCO,2026-10-09,1574.0,1532.175,1,1529.578,1,1686.9496,0,54.4515,1,1459.6,7.8378,1
Consumer Durables Index,CENTURYPLY,2026-10-09,665.7,694.225,0,733.5564,0,754.1128,0,33.2352,0,666.45,-0.1125,0
Consumer Durables Index,CERA,2026-10-09,5002.5,5338.45,0,5668.01,0,5448.6785,0,15.6601,0,5096.5,-1.8444,0
Consumer Durables Index,CROMPTON,2026-10-09,205.11,217.841,0,234.3696,0,250.5891,0,25.7439,0,202.7,1.189,1
Consumer Durables Index,DIXON,2026-10-09,12774.0,13137.1903,0,13843.9464,0,12097.338,1,46.2402,0,12700.0,0.5827,0
Consumer Durables Index,HAVELLS,2026-10-09,1041.5,1075.85,0,1179.83,0,1254.2529,0,31.35,0,1040.0,0.1442,0
Consumer Durables Index,KAJARIACER,2026-10-09,1215.4,1212.2092,1,1213.5025,1,1092.8193,1,54.8979,1,1225.1,-0.7918,0
Consumer Durables Index,KALYANKJIL,2026-10-09,554.0,572.685,0,589.2663,0,461.3564,1,40.2246,0,528.5,4.825,1
Consumer Durables Index,PGEL,2026-10-09,511.8,516.5697,0,563.1175,0,552.3677,0,43.7251,0,481.1,6.3812,1
Consumer Durables Index,TITAN,2026-10-09,4410.0,4735.41,0,4917.372,0,4409.2824,1,30.2008,0,4515.7002,-2.3407,0
Consumer Durables Index,VGUARD,2026-10-09,288.2,311.11,0,322.008,0,317.4773,0,22.0301,0,294.55,-2.1558,0
Consumer Durables Index,VOLTAS,2026-10-09,1033.7,1102.115,0,1186.75,0,1322.2306,0,35.9636,0,1053.2,-1.8515,0
Consumer Durables Index,WHIRLPOOL,2026-10-09,816.75,817.5625,0,803.1215,1,833.7901,0,63.894,1,861.65,-5.2109,0
Consumption Index,ADANIPOWER,2026-10-09,189.0,201.543,0,205.194,0,188.4737,1,34.0174,0,196.21,-3.6746,0
Consumption Index,APOLLOHOSP,2026-10-09,8027.5,8539.075,0,8703.7625,0,8033.5452,0,28.301,0,8133.5,-1.3033,0
Consumption Index,ASIANPAINT,2026-10-09,2339.1001,2416.67,0,2559.898,0,2541.2189,0,36.7813,0,2407.0,-2.8209,0
Consumption Index,BAJAJ-AUTO,2026-10-09,9778.0,10909.15,0,11430.95,0,10151.5801,0,15.2801,0,10045.0,-2.658,0
Consumption Index,BHARTIARTL,2026-10-09,1805.1,1810.065,0,1874.452,0,1886.9081,0,35.6258,0,1741.1,3.6758,1
Consumption Index,BRITANNIA,2026-10-09,4825.0,4898.145,0,5184.548,0,5461.8595,0,37.9257,0,4778.0,0.9837,0
Consumption Index,DIXON,2026-10-09,12774.0,13137.1903,0,13843.9464,0,12097.338,1,46.2402,0,12700.0,0.5827,0
Consumption Index,DLF,2026-10-09,648.6,655.805,0,662.873,0,622.0345,1,51.2023,1,658.4,-1.4885,0
Consumption Index,DMART,2026-10-09,3516.8,3716.38,0,3832.276,0,3990.7955,0,35.5594,0,3813.0,-7.7682,0
Consumption Index,EICHERMOT,2026-10-09,7050.0,7280.475,0,7678.79,0,7346.6101,0,33.6146,0,6920.0,1.8786,1
Consumption Index,ETERNAL,2026-10-09,323.45,326.555,0,322.654,1,277.6694,1,47.7027,0,313.9,3.0424,1
Consumption Index,GODREJCP,2026-10-09,860.5,864.865,0,918.1975,0,1049.911,0,42.2,0,840.0,2.4405,1
Consumption Index,HAVELLS,2026-10-09,1041.5,1075.85,0,1179.83,0,1254.2529,0,31.35,0,1040.0,0.1442,0
Consumption Index,HEROMOTOCO,2026-10-09,4895.5,5214.125,0,5433.85,0,5246.3372,0,31.0863,0,5168.0,-5.2728,0
Consumption Index,HINDUNILVR,2026-10-09,1856.7,1906.295,0,1984.408,0,2161.5666,0,38.5874,0,1836.0,1.1274,1
Consumption Index,INDHOTEL,2026-10-09,715.65,724.71,0,726.761,0,687.0541,1,43.704,0,718.0,-0.3273,0
Consumption Index,INDIGO,2026-10-09,4833.0,4915.2,0,5085.73,0,4824.2335,1,45.2303,0,4929.8999,-1.9656,0
Consumption Index,ITC,2026-10-09,266.0,264.05,1,269.546,0,294.8041,0,52.8727,1,255.9,3.9469,1
Consumption Index,M&M,2026-10-09,2796.2,2971.205,0,3201.454,0,3238.2939,0,22.28,0,2860.0,-2.2308,0
Consumption Index,MARUTI,2026-10-09,11420.0,11947.45,0,12918.3346,0,13745.4968,0,33.9596,0,11386.0,0.2986,0
Consumption Index,MAXHEALTH,2026-10-09,883.8,989.9125,0,1012.973,0,1027.9835,0,18.295,0,940.95,-6.0737,0
Consumption Index,NAUKRI,2026-10-09,1219.0,1245.695,0,1286.644,0,1141.953,1,45.4494,0,1200.0,1.5833,1
Consumption Index,NESTLEIND,2026-10-09,1333.0,1351.63,0,1425.188,0,1358.1828,0,42.1514,0,1307.7,1.9347,1
Consumption Index,TATACONSUM,2026-10-09,955.0,978.7175,0,1026.809,0,1103.7923,0,36.4865,0,957.0,-0.209,0
Consumption Index,TATAPOWER,2026-10-09,342.15,359.455,0,367.112,0,383.6874,0,23.1276,0,350.15,-2.2847,0
Consumption Index,TITAN,2026-10-09,4410.0,4735.41,0,4917.372,0,4409.2824,1,30.2008,0,4515.7002,-2.3407,0
Consumption Index,TRENT,2026-10-09,2918.2,2755.445,1,2868.47,1,2838.3815,1,57.1407,1,2580.0,13.1085,1
Consumption Index,TVSMOTOR,2026-10-09,3866.8,4061.905,0,4220.182,0,3764.6828,1,21.894,0,4021.0,-3.8349,0
Consumption Index,UNITDSPR,2026-10-09,1366.0,1381.095,0,1459.59,0,1364.5303,1,49.192,0,1335.1,2.3144,1
Consumption Index,VBL,2026-10-09,441.0,427.5775,1,427.966,1,463.3779,0,63.6169,1,425.3,3.6915,1
Energy Index,ABB,2026-10-09,6780.0,7028.175,0,7321.8677,0,6522.9956,1,33.2422,0,6900.0,-1.7391,0
Energy Index,ADANIENSOL,2026-10-09,1262.0,1344.665,0,1467.784,0,1291.0455,0,23.3057,0,1326.4,-4.8552,0
Energy Index,ADANIGREEN,2026-10-09,1255.8,1283.925,0,1308.882,0,1203.339,1,39.3447,0,1276.1,-1.5908,0
Energy Index,ADANIPOWER,2026-10-09,189.0,201.543,0,205.194,0,188.4737,1,34.0174,0,196.21,-3.6746,0
Energy Index,AEGISLOG,2026-10-09,1388.9,1378.055,1,1338.318,1,938.4119,1,47.7347,0,1401.1,-0.8707,0
Energy Index,ATGL,2026-10-09,563.45,598.2425,0,624.881,0,612.9435,0,9.9959,0,583.05,-3.3616,0
Energy Index,BHEL,2026-10-09,433.6,426.205,1,422.19,1,349.4783,1,46.9027,0,421.0,2.9929,1
Energy Index,BPCL,2026-10-09,287.8,303.0725,0,311.318,0,321.3734,0,25.2363,0,300.6,-4.2582,0
Energy Index,CASTROLIND,2026-10-09,194.67,195.423,0,189.8907,1,179.8176,1,45.4712,0,199.04,-2.1955,0
Energy Index,CESC,2026-10-09,133.23,138.2265,0,147.993,0,156.3556,0,34.561,0,131.62,1.2232,1
Energy Index,CGPOWER,2026-10-09,855.55,882.0775,0,882.362,0,798.0339,1,40.3084,0,879.0,-2.6678,0
Energy Index,COALINDIA,2026-10-09,411.55,420.41,0,411.9343,0,423.2914,0,51.2268,1,420.4,-2.1051,0
Energy Index,ENRIN,2026-10-09,3101.0,3205.15,0,3291.086,0,3085.5358,1,41.2751,0,3334.0,-6.9886,0
Energy Index,GAIL,2026-10-09,166.64,171.419,0,173.0269,0,164.9752,1,34.079,0,171.22,-2.6749,0
Energy Index,GVT&D,2026-10-09,4194.3999,4301.06,0,4312.941,0,4076.7444,1,36.7048,0,4253.2002,-1.3825,0
Energy Index,HINDPETRO,2026-10-09,326.0,348.27,0,359.7232,0,378.8714,0,27.551,0,345.0,-5.5072,0
Energy Index,IGL,2026-10-09,146.15,145.2684,1,148.0953,0,159.6699,0,48.4037,0,142.79,2.3531,1
Energy Index,INOXWIND,2026-10-09,66.65,72.2485,0,73.7458,0,90.3892,0,30.413,0,68.75,-3.0545,0
Energy Index,IOC,2026-10-09,126.35,133.4085,0,136.4533,0,146.1267,0,27.3308,0,131.34,-3.7993,0
Energy Index,JPPOWER,2026-10-09,14.53,15.4325,0,16.533,0,16.8545,0,39.3939,0,14.8,-1.8243,0
Energy Index,JSWENERGY,2026-10-09,462.3,502.715,0,529.945,0,522.6371,0,19.316,0,485.0,-4.6804,0
Energy Index,MGL,2026-10-09,1042.8,1064.655,0,1087.0163,0,1078.72,0,33.3047,0,1045.4,-0.2487,0
Energy Index,NAVA,2026-10-09,549.1,553.6275,0,560.6962,0,581.1081,0,43.797,0,552.5,-0.6154,0
Energy Index,NHPC,2026-10-09,72.99,74.588,0,75.953,0,77.1806,0,32.3843,0,71.75,1.7282,1
Energy Index,NLCINDIA,2026-10-09,243.55,258.8583,0,271.3019,0,283.1443,0,23.6297,0,253.2,-3.8112,0
Energy Index,NTPC,2026-10-09,312.0,323.785,0,330.4792,0,353.5637,0,36.7463,0,315.1,-0.9838,0
Energy Index,NTPCGREEN,2026-10-09,92.6,90.596,1,90.6832,1,95.1864,0,58.1884,1,91.09,1.6577,1
Energy Index,OIL,2026-10-09,443.5,467.23,0,469.8968,0,459.1778,0,30.1234,0,444.0,-0.1126,0
Energy Index,ONGC,2026-10-09,221.27,230.5745,0,234.0587,0,253.9921,0,31.9449,0,222.37,-0.4947,0
Energy Index,PETRONET,2026-10-09,291.5,287.675,1,286.869,1,280.0203,1,48.9544,0,285.5,2.1016,1
Energy Index,POWERGRID,2026-10-09,249.15,261.905,0,266.5558,0,281.9999,0,28.9133,0,254.55,-2.1214,0
Energy Index,POWERINDIA,2026-10-09,30605.0,31147.0,0,32429.8205,0,28677.0736,1,31.6389,0,31290.0,-2.1892,0
Energy Index,RELIANCE,2026-10-09,1170.3,1217.64,0,1271.792,0,1351.6178,0,38.1895,0,1167.7,0.2227,0
Energy Index,RPOWER,2026-10-09,20.01,20.5555,0,21.9598,0,25.9937,0,35.9297,0,19.41,3.0912,1
Energy Index,SIEMENS,2026-10-09,3595.0,3802.89,0,3901.284,0,3506.2522,1,33.021,0,3804.0,-5.4942,0
Energy Index,SJVN,2026-10-09,55.27,61.142,0,64.2983,0,70.6686,0,11.319,0,57.91,-4.5588,0
Energy Index,SUZLON,2026-10-09,37.6,40.8675,0,44.5858,0,48.8091,0,18.8764,0,38.91,-3.3667,0
Energy Index,TATAPOWER,2026-10-09,342.15,359.455,0,367.112,0,383.6874,0,23.1276,0,350.15,-2.2847,0
Energy Index,THERMAX,2026-10-09,3256.3,3421.075,0,3747.534,0,3772.2049,0,33.2007,0,3360.6001,-3.1036,0
Energy Index,TORNTPOWER,2026-10-09,1188.6,1252.34,0,1277.438,0,1399.3553,0,30.4566,0,1242.9,-4.3688,0
FMCG index,BRITANNIA,2026-10-09,4825.0,4898.145,0,5184.548,0,5461.8595,0,37.9257,0,4778.0,0.9837,0
FMCG index,COLPAL,2026-10-09,1817.8,1821.36,0,1886.946,0,2015.851,0,38.8988,0,1735.0,4.7723,1
FMCG index,DABUR,2026-10-09,386.7,383.3925,1,392.712,0,442.2831,0,42.9397,0,374.25,3.3267,1
FMCG index,EMAMILTD,2026-10-09,369.45,377.97,0,386.651,0,430.7541,0,50.6935,1,372.65,-0.8587,0
FMCG index,GODREJCP,2026-10-09,860.5,864.865,0,918.1975,0,1049.911,0,42.2,0,840.0,2.4405,1
FMCG index,HINDUNILVR,2026-10-09,1856.7,1906.295,0,1984.408,0,2161.5666,0,38.5874,0,1836.0,1.1274,1
FMCG index,ITC,2026-10-09,266.0,264.05,1,269.546,0,294.8041,0,52.8727,1,255.9,3.9469,1
FMCG index,MARICO,2026-10-09,786.15,803.01,0,829.281,0,796.4477,0,42.4756,0,781.35,0.6143,0
FMCG index,NESTLEIND,2026-10-09,1333.0,1351.63,0,1425.188,0,1358.1828,0,42.1514,0,1307.7,1.9347,1
FMCG index,PATANJALI,2026-10-09,360.45,369.9825,0,357.6204,1,439.5274,0,47.2258,0,355.15,1.4923,1
FMCG index,RADICO,2026-10-09,4550.0,4439.655,1,4504.528,1,3554.5141,1,50.592,1,4237.0,7.3873,1
FMCG index,TATACONSUM,2026-10-09,955.0,978.7175,0,1026.809,0,1103.7923,0,36.4865,0,957.0,-0.209,0
FMCG index,UBL,2026-10-09,1168.2,1215.485,0,1298.227,0,1423.0549,0,35.1515,0,1188.8,-1.7328,0
FMCG index,UNITDSPR,2026-10-09,1366.0,1381.095,0,1459.59,0,1364.5303,1,49.192,0,1335.1,2.3144,1
FMCG index,VBL,2026-10-09,441.0,427.5775,1,427.966,1,463.3779,0,63.6169,1,425.3,3.6915,1
Financial Services Index,AXISBANK,2026-10-09,1259.1,1233.98,1,1242.328,1,1283.5043,0,50.5306,1,1217.1,3.4508,1
Financial Services Index,BAJAJFINSV,2026-10-09,1734.7,1797.95,0,1924.814,0,1878.6985,0,28.7824,0,1732.6,0.1212,0
Financial Services Index,BAJFINANCE,2026-10-09,960.0,994.015,0,1050.438,0,972.3242,0,32.6865,0,948.3,1.2338,1
Financial Services Index,BSE,2026-10-09,3287.2,3235.275,1,3338.318,0,3313.9808,0,51.001,1,3046.0,7.9186,1
Financial Services Index,CHOLAFIN,2026-10-09,1587.6,1692.115,0,1797.614,0,1678.7863,0,22.8666,0,1580.0,0.481,0
Financial Services Index,HDFCBANK,2026-10-09,707.25,717.705,0,721.451,0,800.9553,0,40.8478,0,721.2,-1.9343,0
Financial Services Index,HDFCLIFE,2026-10-09,556.65,539.055,1,540.38,1,615.514,0,52.6989,1,534.2,4.2025,1
Financial Services Index,ICICIBANK,2026-10-09,1355.0,1340.41,1,1391.9203,0,1345.0979,1,54.9783,1,1310.6,3.3878,1
Financial Services Index,ICICIGI,2026-10-09,1690.2,1533.41,1,1573.22,1,1756.9376,0,73.7661,1,1563.0,8.1382,1
Financial Services Index,ICICIPRULI,2026-10-09,460.55,466.44,0,488.343,0,548.1322,0,28.1445,0,448.05,2.7899,1
Financial Services Index,JIOFIN,2026-10-09,214.62,222.81,0,237.0445,0,247.0448,0,30.3373,0,212.5,0.9976,0
Financial Services Index,KOTAKBANK,2026-10-09,441.0,417.2925,1,409.471,1,399.4647,1,70.0987,1,418.35,5.4141,1
Financial Services Index,LICHSGFIN,2026-10-09,551.65,544.645,1,527.0634,1,524.6749,1,51.1364,1,509.0,8.3792,1
Financial Services Index,MUTHOOTFIN,2026-10-09,2624.7,2755.66,0,2875.536,0,3274.0485,0,27.5238,0,2697.1001,-2.6844,0
Financial Services Index,PFC,2026-10-09,327.8,335.845,0,358.3678,0,390.97,0,34.555,0,318.0,3.0818,1
Financial Services Index,RECLTD,2026-10-09,300.0,304.6075,0,323.6701,0,340.0451,0,42.2879,0,287.75,4.2572,1
Financial Services Index,SBICARD,2026-10-09,562.0,604.9275,0,632.528,0,682.3589,0,15.8036,0,563.2,-0.2131,0
Financial Services Index,SBILIFE,2026-10-09,1684.6,1721.915,0,1765.672,0,1875.2641,0,40.8589,0,1721.6,-2.1492,0
Financial Services Index,SBIN,2026-10-09,959.1,974.9225,0,1018.089,0,1031.5767,0,33.6131,0,954.1,0.5241,0
Financial Services Index,SHRIRAMFIN,2026-10-09,940.45,983.0375,0,1049.669,0,1004.5796,0,33.6391,0,945.0,-0.4815,0
Healthcare Index,ABBOTINDIA,2026-10-09,26000.0,26459.0,0,26660.4,0,26399.551,0,33.6761,0,26840.0,-3.1297,0
Healthcare Index,ALKEM,2026-10-09,5279.0,5263.075,1,5358.6788,0,5460.0522,0,40.6015,0,5220.0,1.1303,1
Healthcare Index,APOLLOHOSP,2026-10-09,8027.5,8539.075,0,8703.7625,0,8033.5452,0,28.301,0,8133.5,-1.3033,0
Healthcare Index,AUROPHARMA,2026-10-09,1693.0,1688.49,1,1656.652,1,1427.239,1,40.9212,0,1676.8,0.9661,0
Healthcare Index,BIOCON,2026-10-09,349.4,377.2025,0,399.696,0,394.0348,0,24.7876,0,370.7,-5.7459,0
Healthcare Index,CIPLA,2026-10-09,1301.0,1361.735,0,1404.77,0,1369.6888,0,15.7006,0,1344.0,-3.1994,0
Healthcare Index,DIVISLAB,2026-10-09,9340.0,9398.95,0,9004.83,1,7095.7933,1,48.8087,0,9249.0,0.9839,0
Healthcare Index,DRREDDY,2026-10-09,1197.0,1193.965,1,1181.154,1,1239.7536,0,53.2017,1,1206.2,-0.7627,0
Healthcare Index,FORTIS,2026-10-09,786.25,838.795,0,888.189,0,906.8199,0,28.1202,0,785.0,0.1592,0
Healthcare Index,GLENMARK,2026-10-09,2293.0,2374.125,0,2359.5645,0,2206.6429,1,38.5596,0,2331.0,-1.6302,0
Healthcare Index,IPCALAB,2026-10-09,1915.4,1957.51,0,1898.6146,1,1637.2413,1,31.1147,0,1943.2,-1.4306,0
Healthcare Index,LAURUSLABS,2026-10-09,2036.6,1990.105,1,1907.112,1,1378.6926,1,61.5686,1,1984.0,2.6512,1
Healthcare Index,LUPIN,2026-10-09,1956.5,2056.96,0,2166.116,0,2243.0121,0,29.4843,0,2031.2,-3.6776,0
Healthcare Index,MANKIND,2026-10-09,2368.5,2412.51,0,2405.354,0,2302.2965,1,54.9561,1,2535.0,-6.568,0
Healthcare Index,MAXHEALTH,2026-10-09,883.8,989.9125,0,1012.973,0,1027.9835,0,18.295,0,940.95,-6.0737,0
Healthcare Index,PPLPHARMA,2026-10-09,196.88,205.419,0,208.7558,0,175.0591,1,39.1539,0,197.97,-0.5506,0
Healthcare Index,SUNPHARMA,2026-10-09,1760.0,1829.085,0,1887.276,0,1802.8483,0,36.4623,0,1801.0,-2.2765,0
Healthcare Index,SYNGENE,2026-10-09,347.4,371.125,0,389.062,0,448.6917,0,35.9324,0,361.3,-3.8472,0
Healthcare Index,TORNTPHARM,2026-10-09,4656.8999,4847.225,0,4910.058,0,4449.3042,1,38.5862,0,4767.2998,-2.3158,0
Healthcare Index,ZYDUSLIFE,2026-10-09,1117.5,1151.015,0,1143.758,0,1015.899,1,39.6088,0,1145.7,-2.4614,0
IT Index,COFORGE,2026-10-09,1867.9,1805.065,1,1836.3768,1,1521.3359,1,53.8727,1,1826.0,2.2946,1
IT Index,HCLTECH,2026-10-09,1216.7,1233.485,0,1289.52,0,1321.1498,0,43.5214,0,1243.1,-2.1237,0
IT Index,INFY,2026-10-09,1023.4,1025.9375,0,1094.573,0,1233.955,0,43.1035,0,1035.0,-1.1208,0
IT Index,LTM,2026-10-09,4070.0,4119.44,0,4393.952,0,4570.0938,0,38.0156,0,4007.0,1.5722,1
IT Index,MPHASIS,2026-10-09,2360.0,2277.41,1,2375.124,0,2353.7637,1,57.9129,1,2250.2,4.8796,1
IT Index,OFSS,2026-10-09,10510.0,10972.75,0,11457.96,0,9196.2566,1,24.6525,0,10420.0,0.8637,0
IT Index,PERSISTENT,2026-10-09,5770.0,5423.425,1,5517.674,1,5342.7927,1,63.4498,1,5367.0,7.5089,1
IT Index,TCS,2026-10-09,2156.0,2119.37,1,2254.222,0,2455.9735,0,57.9588,1,2075.0,3.9036,1
IT Index,TECHM,2026-10-09,1514.1,1535.42,0,1581.736,0,1492.6531,1,43.7296,0,1533.0,-1.2329,0
IT Index,WIPRO,2026-10-09,162.57,163.383,0,173.9698,0,196.7943,0,42.1111,0,159.35,2.0207,1
Infrastructure Index,ADANIGREEN,2026-10-09,1255.8,1283.925,0,1308.882,0,1203.339,1,39.3447,0,1276.1,-1.5908,0
Infrastructure Index,ADANIPORTS,2026-10-09,1761.0,1768.675,0,1720.96,1,1630.3917,1,43.1907,0,1737.8,1.335,1
Infrastructure Index,AMBUJACEM,2026-10-09,351.5,375.695,0,400.467,0,450.7656,0,31.4889,0,362.25,-2.9676,0
Infrastructure Index,APOLLOHOSP,2026-10-09,8027.5,8539.075,0,8703.7625,0,8033.5452,0,28.301,0,8133.5,-1.3033,0
Infrastructure Index,ASHOKLEY,2026-10-09,145.06,156.266,0,166.2718,0,169.5396,0,23.4615,0,150.48,-3.6018,0
Infrastructure Index,BHARATFORG,2026-10-09,1816.9,1919.695,0,2017.032,0,1857.1708,0,32.0208,0,1875.0,-3.0987,0
Infrastructure Index,BHARTIARTL,2026-10-09,1805.1,1810.065,0,1874.452,0,1886.9081,0,35.6258,0,1741.1,3.6758,1
Infrastructure Index,BPCL,2026-10-09,287.8,303.0725,0,311.318,0,321.3734,0,25.2363,0,300.6,-4.2582,0
Infrastructure Index,CGPOWER,2026-10-09,855.55,882.0775,0,882.362,0,798.0339,1,40.3084,0,879.0,-2.6678,0
Infrastructure Index,CUMMINSIND,2026-10-09,4830.0,4929.27,0,5135.298,0,4973.8839,0,35.2909,0,4860.0,-0.6173,0
Infrastructure Index,DLF,2026-10-09,648.6,655.805,0,662.873,0,622.0345,1,51.2023,1,658.4,-1.4885,0
Infrastructure Index,GAIL,2026-10-09,166.64,171.419,0,173.0269,0,164.9752,1,34.079,0,171.22,-2.6749,0
Infrastructure Index,GODREJPROP,2026-10-09,1550.0,1659.59,0,1878.618,0,1819.2676,0,25.8638,0,1595.8,-2.87,0
Infrastructure Index,GRASIM,2026-10-09,2890.0,3103.21,0,3204.7329,0,2970.8681,0,22.2531,0,2962.0,-2.4308,0
Infrastructure Index,HINDPETRO,2026-10-09,326.0,348.27,0,359.7232,0,378.8714,0,27.551,0,345.0,-5.5072,0
Infrastructure Index,INDHOTEL,2026-10-09,715.65,724.71,0,726.761,0,687.0541,1,43.704,0,718.0,-0.3273,0
Infrastructure Index,INDIGO,2026-10-09,4833.0,4915.2,0,5085.73,0,4824.2335,1,45.2303,0,4929.8999,-1.9656,0
Infrastructure Index,INDUSTOWER,2026-10-09,380.85,377.805,1,377.1257,1,400.8846,0,52.853,1,376.25,1.2226,1
Infrastructure Index,IOC,2026-10-09,126.35,133.4085,0,136.4533,0,146.1267,0,27.3308,0,131.34,-3.7993,0
Infrastructure Index,LT,2026-10-09,3703.3,3810.99,0,3941.006,0,3940.2136,0,37.299,0,3693.3999,0.268,0
Infrastructure Index,MAXHEALTH,2026-10-09,883.8,989.9125,0,1012.973,0,1027.9835,0,18.295,0,940.95,-6.0737,0
Infrastructure Index,MOTHERSON,2026-10-09,153.0,160.44,0,162.4834,0,136.6112,1,37.5163,0,157.03,-2.5664,0
Infrastructure Index,NTPC,2026-10-09,312.0,323.785,0,330.4792,0,353.5637,0,36.7463,0,315.1,-0.9838,0
Infrastructure Index,ONGC,2026-10-09,221.27,230.5745,0,234.0587,0,253.9921,0,31.9449,0,222.37,-0.4947,0
Infrastructure Index,POWERGRID,2026-10-09,249.15,261.905,0,266.5558,0,281.9999,0,28.9133,0,254.55,-2.1214,0
Infrastructure Index,RELIANCE,2026-10-09,1170.3,1217.64,0,1271.792,0,1351.6178,0,38.1895,0,1167.7,0.2227,0
Infrastructure Index,SHREECEM,2026-10-09,22080.0,22185.5,0,23761.8,0,25093.7029,0,43.3842,0,21900.0,0.8219,0
Infrastructure Index,SUZLON,2026-10-09,37.6,40.8675,0,44.5858,0,48.8091,0,18.8764,0,38.91,-3.3667,0
Infrastructure Index,TATAPOWER,2026-10-09,342.15,359.455,0,367.112,0,383.6874,0,23.1276,0,350.15,-2.2847,0
Infrastructure Index,ULTRACEMCO,2026-10-09,10675.0,10874.95,0,11332.18,0,11507.8286,0,41.7357,0,10710.0,-0.3268,0
MNC Index,3MINDIA,2026-10-09,30170.0,32412.75,0,33627.0,0,33364.9346,0,24.4632,0,30795.0,-2.0296,0
MNC Index,ABB,2026-10-09,6780.0,7028.175,0,7321.8677,0,6522.9956,1,33.2422,0,6900.0,-1.7391,0
MNC Index,ABBOTINDIA,2026-10-09,26000.0,26459.0,0,26660.4,0,26399.551,0,33.6761,0,26840.0,-3.1297,0
MNC Index,AMBUJACEM,2026-10-09,351.5,375.695,0,400.467,0,450.7656,0,31.4889,0,362.25,-2.9676,0
MNC Index,ASHOKLEY,2026-10-09,145.06,156.266,0,166.2718,0,169.5396,0,23.4615,0,150.48,-3.6018,0
MNC Index,BOSCHLTD,2026-10-09,43545.0,46635.0,0,46472.9954,0,39039.4763,1,33.8476,0,45480.0,-4.2546,0
MNC Index,BRITANNIA,2026-10-09,4825.0,4898.145,0,5184.548,0,5461.8595,0,37.9257,0,4778.0,0.9837,0
MNC Index,CASTROLIND,2026-10-09,194.67,195.423,0,189.8907,1,179.8176,1,45.4712,0,199.04,-2.1955,0
MNC Index,COHANCE,2026-10-09,441.0,447.86,0,447.88,0,414.6473,1,51.3193,1,451.3,-2.2823,0
MNC Index,COLPAL,2026-10-09,1817.8,1821.36,0,1886.946,0,2015.851,0,38.8988,0,1735.0,4.7723,1
MNC Index,CRISIL,2026-10-09,4423.7998,4544.38,0,4562.246,0,4311.8617,1,40.686,0,4428.6001,-0.1084,0
MNC Index,CUMMINSIND,2026-10-09,4830.0,4929.27,0,5135.298,0,4973.8839,0,35.2909,0,4860.0,-0.6173,0
MNC Index,ENRIN,2026-10-09,3101.0,3205.15,0,3291.086,0,3085.5358,1,41.2751,0,3334.0,-6.9886,0
MNC Index,ESCORTS,2026-10-09,2730.5,2798.91,0,2953.444,0,3127.5716,0,43.9586,0,2667.3,2.3694,1
MNC Index,GLAND,2026-10-09,3061.8,2945.56,1,2861.6721,1,2169.6704,1,57.351,1,2874.3999,6.5196,1
MNC Index,HINDUNILVR,2026-10-09,1856.7,1906.295,0,1984.408,0,2161.5666,0,38.5874,0,1836.0,1.1274,1
MNC Index,HYUNDAI,2026-10-09,1940.0,2077.655,0,2150.8381,0,2041.0787,0,24.4584,0,2024.0,-4.1502,0
MNC Index,LINDEINDIA,2026-10-09,5996.0,6172.625,0,6471.7182,0,6713.7601,0,37.557,0,6247.5,-4.0256,0
MNC Index,MARUTI,2026-10-09,11420.0,11947.45,0,12918.3346,0,13745.4968,0,33.9596,0,11386.0,0.2986,0
MNC Index,NAM-INDIA,2026-10-09,1045.0,1112.115,0,1158.894,0,1028.9772,1,27.1784,0,1046.0,-0.0956,0
MNC Index,NESTLEIND,2026-10-09,1333.0,1351.63,0,1425.188,0,1358.1828,0,42.1514,0,1307.7,1.9347,1
MNC Index,OFSS,2026-10-09,10510.0,10972.75,0,11457.96,0,9196.2566,1,24.6525,0,10420.0,0.8637,0
MNC Index,PGHH,2026-10-09,6942.5,7144.975,0,7749.6851,0,9692.9849,0,28.7446,0,6639.0,4.5715,1
MNC Index,POWERINDIA,2026-10-09,30605.0,31147.0,0,32429.8205,0,28677.0736,1,31.6389,0,31290.0,-2.1892,0
MNC Index,SCHAEFFLER,2026-10-09,3667.6001,3936.36,0,3995.918,0,3988.0784,0,5.1387,0,3885.6001,-5.6105,0
MNC Index,SIEMENS,2026-10-09,3595.0,3802.89,0,3901.284,0,3506.2522,1,33.021,0,3804.0,-5.4942,0
MNC Index,TIMKEN,2026-10-09,2962.8,3163.3,0,3182.316,0,3280.6193,0,38.5467,0,3098.8,-4.3888,0
MNC Index,UBL,2026-10-09,1168.2,1215.485,0,1298.227,0,1423.0549,0,35.1515,0,1188.8,-1.7328,0
MNC Index,UNITDSPR,2026-10-09,1366.0,1381.095,0,1459.59,0,1364.5303,1,49.192,0,1335.1,2.3144,1
MNC Index,VEDL,2026-10-09,264.0,261.4175,1,268.58,0,456.1893,0,47.6159,0,252.05,4.7411,1
Media Index,DBCORP,2026-10-09,172.95,179.584,0,194.967,0,209.9684,0,31.9935,0,172.52,0.2492,0
Media Index,HATHWAY,2026-10-09,9.75,9.7865,0,10.2832,0,10.8296,0,45.8484,0,9.32,4.6137,1
Media Index,NAZARA,2026-10-09,377.65,374.4925,1,363.466,1,295.547,1,58.5744,1,384.7,-1.8326,0
Media Index,NETWORK18,2026-10-09,24.69,26.158,0,27.8194,0,32.8297,0,27.7457,0,25.43,-2.9099,0
Media Index,PFOCUS,2026-10-09,261.1,313.5125,0,300.2684,0,273.361,0,17.5185,0,301.55,-13.414,0
Media Index,PVRINOX,2026-10-09,1327.2,1268.92,1,1223.245,1,1056.5428,1,50.281,1,1215.3,9.2076,1
Media Index,SAREGAMA,2026-10-09,485.6,496.105,0,505.124,0,414.5202,1,43.5759,0,494.75,-1.8494,0
Media Index,SUNTV,2026-10-09,635.9,533.285,1,498.839,1,536.4562,1,88.5356,1,599.9,6.001,1
Media Index,TIPSMUSIC,2026-10-09,636.35,653.2225,0,655.064,0,607.9399,1,42.7108,0,644.2,-1.2186,0
Media Index,ZEEL,2026-10-09,69.97,75.697,0,87.9886,0,89.0843,0,26.8096,0,71.92,-2.7113,0
Metal Index,ADANIENT,2026-10-09,2634.3999,2896.11,0,2963.954,0,2579.417,1,28.9841,0,2816.8,-6.4754,0
Metal Index,APLAPOLLO,2026-10-09,2114.1001,2160.455,0,2114.7758,0,1987.1083,1,34.375,0,2115.7,-0.0756,0
Metal Index,HINDALCO,2026-10-09,900.35,959.295,0,1001.007,0,977.0069,0,25.0217,0,941.85,-4.4062,0
Metal Index,HINDCOPPER,2026-10-09,468.85,488.8651,0,514.3873,0,526.1091,0,36.9217,0,462.15,1.4497,1
Metal Index,HINDZINC,2026-10-09,543.5,571.14,0,579.415,0,582.4067,0,25.3983,0,555.05,-2.0809,0
Metal Index,JINDALSTEL,2026-10-09,1016.7,1112.44,0,1122.8626,0,1135.2894,0,29.5708,0,1100.5,-7.6147,0
Metal Index,JSL,2026-10-09,709.05,739.6275,0,732.3455,0,743.5796,0,36.334,0,732.7,-3.2278,0
Metal Index,JSWSTEEL,2026-10-09,1168.0,1252.535,0,1281.51,0,1233.8268,0,28.1833,0,1233.0,-5.2717,0
Metal Index,LLOYDSME,2026-10-09,1815.5,1828.97,0,1878.178,0,1598.4467,1,48.9028,0,1776.8,2.1781,1
Metal Index,NATIONALUM,2026-10-09,315.9,346.57,0,367.6356,0,369.8847,0,27.6774,0,334.9,-5.6733,0
Metal Index,NMDC,2026-10-09,71.8,77.1743,0,81.3486,0,82.2633,0,29.8582,0,73.64,-2.4986,0
Metal Index,SAIL,2026-10-09,171.55,176.3201,0,177.5041,0,167.0755,1,46.5026,0,174.5,-1.6905,0
Metal Index,TATASTEEL,2026-10-09,173.8,182.9635,0,185.2206,0,191.7384,0,33.2477,0,178.0,-2.3595,0
Metal Index,VEDL,2026-10-09,264.0,261.4175,1,268.58,0,456.1893,0,47.6159,0,252.05,4.7411,1
Metal Index,WELCORP,2026-10-09,2640.3999,2664.325,0,2344.78,1,1403.4954,1,49.2149,0,2605.8,1.3278,1
Oil & Gas Index,AEGISLOG,2026-10-09,1388.9,1378.055,1,1338.318,1,938.4119,1,47.7347,0,1401.1,-0.8707,0
Oil & Gas Index,AEGISVOPAK,2026-10-09,284.8,297.3075,0,286.3742,0,236.8334,1,31.6717,0,290.75,-2.0464,0
Oil & Gas Index,ATGL,2026-10-09,563.45,598.2425,0,624.881,0,612.9435,0,9.9959,0,583.05,-3.3616,0
Oil & Gas Index,BPCL,2026-10-09,287.8,303.0725,0,311.318,0,321.3734,0,25.2363,0,300.6,-4.2582,0
Oil & Gas Index,CASTROLIND,2026-10-09,194.67,195.423,0,189.8907,1,179.8176,1,45.4712,0,199.04,-2.1955,0
Oil & Gas Index,CHENNPETRO,2026-10-09,1487.7,1446.42,1,1395.6244,1,1069.4665,1,55.7145,1,1346.4,10.4946,1
Oil & Gas Index,GAIL,2026-10-09,166.64,171.419,0,173.0269,0,164.9752,1,34.079,0,171.22,-2.6749,0
Oil & Gas Index,HINDPETRO,2026-10-09,326.0,348.27,0,359.7232,0,378.8714,0,27.551,0,345.0,-5.5072,0
Oil & Gas Index,IGL,2026-10-09,146.15,145.2684,1,148.0953,0,159.6699,0,48.4037,0,142.79,2.3531,1
Oil & Gas Index,IOC,2026-10-09,126.35,133.4085,0,136.4533,0,146.1267,0,27.3308,0,131.34,-3.7993,0
Oil & Gas Index,MGL,2026-10-09,1042.8,1064.655,0,1087.0163,0,1078.72,0,33.3047,0,1045.4,-0.2487,0
Oil & Gas Index,OIL,2026-10-09,443.5,467.23,0,469.8968,0,459.1778,0,30.1234,0,444.0,-0.1126,0
Oil & Gas Index,ONGC,2026-10-09,221.27,230.5745,0,234.0587,0,253.9921,0,31.9449,0,222.37,-0.4947,0
Oil & Gas Index,PETRONET,2026-10-09,291.5,287.675,1,286.869,1,280.0203,1,48.9544,0,285.5,2.1016,1
Oil & Gas Index,RELIANCE,2026-10-09,1170.3,1217.64,0,1271.792,0,1351.6178,0,38.1895,0,1167.7,0.2227,0
PSE Index,BEL,2026-10-09,368.15,388.77,0,398.5766,0,416.6231,0,26.9477,0,383.1,-3.9024,0
PSE Index,BHEL,2026-10-09,433.6,426.205,1,422.19,1,349.4783,1,46.9027,0,421.0,2.9929,1
PSE Index,BPCL,2026-10-09,287.8,303.0725,0,311.318,0,321.3734,0,25.2363,0,300.6,-4.2582,0
PSE Index,COALINDIA,2026-10-09,411.55,420.41,0,411.9343,0,423.2914,0,51.2268,1,420.4,-2.1051,0
PSE Index,CONCOR,2026-10-09,442.0,464.7633,0,493.7789,0,488.5623,0,18.4844,0,442.0,0.0,0
PSE Index,GAIL,2026-10-09,166.64,171.419,0,173.0269,0,164.9752,1,34.079,0,171.22,-2.6749,0
PSE Index,HAL,2026-10-09,4655.6001,4748.585,0,4824.0383,0,4404.6286,1,42.7903,0,4601.0,1.1867,1
PSE Index,HINDPETRO,2026-10-09,326.0,348.27,0,359.7232,0,378.8714,0,27.551,0,345.0,-5.5072,0
PSE Index,IOC,2026-10-09,126.35,133.4085,0,136.4533,0,146.1267,0,27.3308,0,131.34,-3.7993,0
PSE Index,IRCTC,2026-10-09,458.8,459.0976,0,479.2157,0,541.2885,0,30.637,0,454.1,1.035,1
PSE Index,IRFC,2026-10-09,74.7,78.8005,0,83.1824,0,98.0966,0,26.3888,0,77.06,-3.0625,0
PSE Index,NHPC,2026-10-09,72.99,74.588,0,75.953,0,77.1806,0,32.3843,0,71.75,1.7282,1
PSE Index,NMDC,2026-10-09,71.8,77.1743,0,81.3486,0,82.2633,0,29.8582,0,73.64,-2.4986,0
PSE Index,NTPC,2026-10-09,312.0,323.785,0,330.4792,0,353.5637,0,36.7463,0,315.1,-0.9838,0
PSE Index,OIL,2026-10-09,443.5,467.23,0,469.8968,0,459.1778,0,30.1234,0,444.0,-0.1126,0
PSE Index,ONGC,2026-10-09,221.27,230.5745,0,234.0587,0,253.9921,0,31.9449,0,222.37,-0.4947,0
PSE Index,PFC,2026-10-09,327.8,335.845,0,358.3678,0,390.97,0,34.555,0,318.0,3.0818,1
PSE Index,POWERGRID,2026-10-09,249.15,261.905,0,266.5558,0,281.9999,0,28.9133,0,254.55,-2.1214,0
PSE Index,RECLTD,2026-10-09,300.0,304.6075,0,323.6701,0,340.0451,0,42.2879,0,287.75,4.2572,1
PSE Index,RVNL,2026-10-09,190.65,201.874,0,213.5411,0,265.5459,0,25.3955,0,197.0,-3.2234,0
PSU Bank Index,BANKBARODA,2026-10-09,235.8,233.576,1,239.5228,0,263.8597,0,51.6956,1,230.82,2.1575,1
PSU Bank Index,BANKINDIA,2026-10-09,134.46,135.571,0,139.7844,0,144.3037,0,39.6333,0,129.48,3.8462,1
PSU Bank Index,CANBK,2026-10-09,119.59,121.7855,0,125.6146,0,133.0803,0,38.2369,0,118.36,1.0392,1
PSU Bank Index,CENTRALBK,2026-10-09,30.1,30.676,0,30.8676,0,33.6247,0,31.1778,0,30.0,0.3333,0
PSU Bank Index,INDIANB,2026-10-09,829.8,826.925,1,855.151,0,852.1072,0,46.7617,0,793.15,4.6208,1
PSU Bank Index,IOB,2026-10-09,30.58,31.6805,0,32.7412,0,33.9936,0,32.3725,0,30.38,0.6583,0
PSU Bank Index,MAHABANK,2026-10-09,83.16,81.9785,1,81.71,1,74.7891,1,49.1204,0,80.5,3.3044,1
PSU Bank Index,PNB,2026-10-09,116.98,115.1985,1,115.4438,1,112.4142,1,49.3598,0,109.57,6.7628,1
PSU Bank Index,PSB,2026-10-09,21.01,21.6575,0,22.6648,0,24.3245,0,28.7938,0,20.96,0.2386,0
PSU Bank Index,SBIN,2026-10-09,959.1,974.9225,0,1018.089,0,1031.5767,0,33.6131,0,954.1,0.5241,0
PSU Bank Index,UCOBANK,2026-10-09,23.25,23.522,0,24.7858,0,26.2515,0,43.1319,0,22.93,1.3956,1
PSU Bank Index,UNIONBANK,2026-10-09,173.06,174.568,0,179.9042,0,171.365,1,45.1764,0,167.59,3.2639,1
Pharma Index,ABBOTINDIA,2026-10-09,26000.0,26459.0,0,26660.4,0,26399.551,0,33.6761,0,26840.0,-3.1297,0
Pharma Index,AJANTPHARM,2026-10-09,3410.1001,3530.65,0,3541.509,0,3101.5165,1,37.8886,0,3581.0,-4.7724,0
Pharma Index,ALKEM,2026-10-09,5279.0,5263.075,1,5358.6788,0,5460.0522,0,40.6015,0,5220.0,1.1303,1
Pharma Index,AUROPHARMA,2026-10-09,1693.0,1688.49,1,1656.652,1,1427.239,1,40.9212,0,1676.8,0.9661,0
Pharma Index,BIOCON,2026-10-09,349.4,377.2025,0,399.696,0,394.0348,0,24.7876,0,370.7,-5.7459,0
Pharma Index,CIPLA,2026-10-09,1301.0,1361.735,0,1404.77,0,1369.6888,0,15.7006,0,1344.0,-3.1994,0
Pharma Index,DIVISLAB,2026-10-09,9340.0,9398.95,0,9004.83,1,7095.7933,1,48.8087,0,9249.0,0.9839,0
Pharma Index,DRREDDY,2026-10-09,1197.0,1193.965,1,1181.154,1,1239.7536,0,53.2017,1,1206.2,-0.7627,0
Pharma Index,GLAND,2026-10-09,3061.8,2945.56,1,2861.6721,1,2169.6704,1,57.351,1,2874.3999,6.5196,1
Pharma Index,GLENMARK,2026-10-09,2293.0,2374.125,0,2359.5645,0,2206.6429,1,38.5596,0,2331.0,-1.6302,0
Pharma Index,IPCALAB,2026-10-09,1915.4,1957.51,0,1898.6146,1,1637.2413,1,31.1147,0,1943.2,-1.4306,0
Pharma Index,LAURUSLABS,2026-10-09,2036.6,1990.105,1,1907.112,1,1378.6926,1,61.5686,1,1984.0,2.6512,1
Pharma Index,LUPIN,2026-10-09,1956.5,2056.96,0,2166.116,0,2243.0121,0,29.4843,0,2031.2,-3.6776,0
Pharma Index,MANKIND,2026-10-09,2368.5,2412.51,0,2405.354,0,2302.2965,1,54.9561,1,2535.0,-6.568,0
Pharma Index,PPLPHARMA,2026-10-09,196.88,205.419,0,208.7558,0,175.0591,1,39.1539,0,197.97,-0.5506,0
Pharma Index,SUNPHARMA,2026-10-09,1760.0,1829.085,0,1887.276,0,1802.8483,0,36.4623,0,1801.0,-2.2765,0
Pharma Index,TORNTPHARM,2026-10-09,4656.8999,4847.225,0,4910.058,0,4449.3042,1,38.5862,0,4767.2998,-2.3158,0
Pharma Index,WOCKPHARMA,2026-10-09,1996.4,2144.9,0,2032.61,0,1670.6325,1,44.5285,0,2083.8999,-4.1989,0
Pharma Index,ZYDUSLIFE,2026-10-09,1117.5,1151.015,0,1143.758,0,1015.899,1,39.6088,0,1145.7,-2.4614,0
Pvt Bank Index,AXISBANK,2026-10-09,1259.1,1233.98,1,1242.328,1,1283.5043,0,50.5306,1,1217.1,3.4508,1
Pvt Bank Index,BANDHANBNK,2026-10-09,157.0,174.807,0,172.2529,0,174.8816,0,37.4826,0,176.0,-10.7955,0
Pvt Bank Index,FEDERALBNK,2026-10-09,330.0,329.2625,1,343.257,0,304.6053,1,47.7912,0,318.2,3.7084,1
Pvt Bank Index,HDFCBANK,2026-10-09,707.25,717.705,0,721.451,0,800.9553,0,40.8478,0,721.2,-1.9343,0
Pvt Bank Index,ICICIBANK,2026-10-09,1355.0,1340.41,1,1391.9203,0,1345.0979,1,54.9783,1,1310.6,3.3878,1
Pvt Bank Index,IDFCFIRSTB,2026-10-09,79.52,83.244,0,84.5342,0,77.4729,1,34.9624,0,80.39,-1.0822,0
Pvt Bank Index,INDUSINDBK,2026-10-09,861.65,923.51,0,975.916,0,923.1287,0,23.7126,0,886.85,-2.8415,0
Pvt Bank Index,KOTAKBANK,2026-10-09,441.0,417.2925,1,409.471,1,399.4647,1,70.0987,1,418.35,5.4141,1
Pvt Bank Index,RBLBANK,2026-10-09,418.0,410.895,1,398.2048,1,345.0192,1,50.8944,1,411.4,1.6043,1
Pvt Bank Index,YESBANK,2026-10-09,20.5,21.995,0,22.3732,0,21.8278,0,25.7642,0,20.75,-1.2048,0
Realty Index,ANANTRAJ,2026-10-09,570.75,600.3475,0,610.855,0,547.0932,1,40.0113,0,577.85,-1.2287,0
Realty Index,BRIGADE,2026-10-09,548.8,595.0,0,611.9018,0,567.3266,0,19.6755,0,569.55,-3.6432,0
Realty Index,DLF,2026-10-09,648.6,655.805,0,662.873,0,622.0345,1,51.2023,1,658.4,-1.4885,0
Realty Index,GODREJPROP,2026-10-09,1550.0,1659.59,0,1878.618,0,1819.2676,0,25.8638,0,1595.8,-2.87,0
Realty Index,LODHA,2026-10-09,1064.8,1121.0,0,1186.0834,0,1020.7615,1,34.6169,0,1105.6,-3.6903,0
Realty Index,OBEROIRLTY,2026-10-09,1698.8,1768.055,0,1815.32,0,1684.0476,1,37.1726,0,1754.6,-3.1802,0
Realty Index,PHOENIXLTD,2026-10-09,1813.1,1900.985,0,1908.5393,0,1820.8401,0,42.7679,0,1930.0,-6.057,0
Realty Index,PRESTIGE,2026-10-09,1406.8,1458.515,0,1541.2657,0,1479.899,0,45.6635,0,1486.1,-5.3361,0
Realty Index,SIGNATURE,2026-10-09,710.05,750.3525,0,779.329,0,851.5608,0,32.3418,0,737.45,-3.7155,0
Realty Index,SOBHA,2026-10-09,1161.7,1208.845,0,1265.562,0,1366.4197,0,30.5737,0,1213.1,-4.2371,0
Service Sector Index,ADANIPORTS,2026-10-09,1761.0,1768.675,0,1720.96,1,1630.3917,1,43.1907,0,1737.8,1.335,1
Service Sector Index,APOLLOHOSP,2026-10-09,8027.5,8539.075,0,8703.7625,0,8033.5452,0,28.301,0,8133.5,-1.3033,0
Service Sector Index,AXISBANK,2026-10-09,1259.1,1233.98,1,1242.328,1,1283.5043,0,50.5306,1,1217.1,3.4508,1
Service Sector Index,BAJAJFINSV,2026-10-09,1734.7,1797.95,0,1924.814,0,1878.6985,0,28.7824,0,1732.6,0.1212,0
Service Sector Index,BAJFINANCE,2026-10-09,960.0,994.015,0,1050.438,0,972.3242,0,32.6865,0,948.3,1.2338,1
Service Sector Index,BHARTIARTL,2026-10-09,1805.1,1810.065,0,1874.452,0,1886.9081,0,35.6258,0,1741.1,3.6758,1
Service Sector Index,BSE,2026-10-09,3287.2,3235.275,1,3338.318,0,3313.9808,0,51.001,1,3046.0,7.9186,1
Service Sector Index,DMART,2026-10-09,3516.8,3716.38,0,3832.276,0,3990.7955,0,35.5594,0,3813.0,-7.7682,0
Service Sector Index,ETERNAL,2026-10-09,323.45,326.555,0,322.654,1,277.6694,1,47.7027,0,313.9,3.0424,1
Service Sector Index,GAIL,2026-10-09,166.64,171.419,0,173.0269,0,164.9752,1,34.079,0,171.22,-2.6749,0
Service Sector Index,HCLTECH,2026-10-09,1216.7,1233.485,0,1289.52,0,1321.1498,0,43.5214,0,1243.1,-2.1237,0
Service Sector Index,HDFCBANK,2026-10-09,707.25,717.705,0,721.451,0,800.9553,0,40.8478,0,721.2,-1.9343,0
Service Sector Index,HDFCLIFE,2026-10-09,556.65,539.055,1,540.38,1,615.514,0,52.6989,1,534.2,4.2025,1
Service Sector Index,ICICIBANK,2026-10-09,1355.0,1340.41,1,1391.9203,0,1345.0979,1,54.9783,1,1310.6,3.3878,1
Service Sector Index,INDIGO,2026-10-09,4833.0,4915.2,0,5085.73,0,4824.2335,1,45.2303,0,4929.8999,-1.9656,0
Service Sector Index,INDUSINDBK,2026-10-09,861.65,923.51,0,975.916,0,923.1287,0,23.7126,0,886.85,-2.8415,0
Service Sector Index,INFY,2026-10-09,1023.4,1025.9375,0,1094.573,0,1233.955,0,43.1035,0,1035.0,-1.1208,0
Service Sector Index,JIOFIN,2026-10-09,214.62,222.81,0,237.0445,0,247.0448,0,30.3373,0,212.5,0.9976,0
Service Sector Index,KOTAKBANK,2026-10-09,441.0,417.2925,1,409.471,1,399.4647,1,70.0987,1,418.35,5.4141,1
Service Sector Index,MAXHEALTH,2026-10-09,883.8,989.9125,0,1012.973,0,1027.9835,0,18.295,0,940.95,-6.0737,0
Service Sector Index,NAUKRI,2026-10-09,1219.0,1245.695,0,1286.644,0,1141.953,1,45.4494,0,1200.0,1.5833,1
Service Sector Index,NTPC,2026-10-09,312.0,323.785,0,330.4792,0,353.5637,0,36.7463,0,315.1,-0.9838,0
Service Sector Index,POWERGRID,2026-10-09,249.15,261.905,0,266.5558,0,281.9999,0,28.9133,0,254.55,-2.1214,0
Service Sector Index,SBILIFE,2026-10-09,1684.6,1721.915,0,1765.672,0,1875.2641,0,40.8589,0,1721.6,-2.1492,0
Service Sector Index,SBIN,2026-10-09,959.1,974.9225,0,1018.089,0,1031.5767,0,33.6131,0,954.1,0.5241,0
Service Sector Index,SHRIRAMFIN,2026-10-09,940.45,983.0375,0,1049.669,0,1004.5796,0,33.6391,0,945.0,-0.4815,0
Service Sector Index,TATAPOWER,2026-10-09,342.15,359.455,0,367.112,0,383.6874,0,23.1276,0,350.15,-2.2847,0
Service Sector Index,TCS,2026-10-09,2156.0,2119.37,1,2254.222,0,2455.9735,0,57.9588,1,2075.0,3.9036,1
Service Sector Index,TECHM,2026-10-09,1514.1,1535.42,0,1581.736,0,1492.6531,1,43.7296,0,1533.0,-1.2329,0
Service Sector Index,WIPRO,2026-10-09,162.57,163.383,0,173.9698,0,196.7943,0,42.1111,0,159.35,2.0207,1
